PRAGMA foreign_keys = ON;

INSERT OR IGNORE INTO sessions (
  id,
  slug,
  title,
  summary,
  description,
  planned_date,
  planned_end_date,
  speaker_name,
  speaker_bio,
  meeting_link,
  status,
  skill_level
)
VALUES
  (
    'session-01-returning-to-tech-with-confidence',
    'returning-to-tech-with-confidence',
    'Returning to Tech With Confidence',
    'Rebuild confidence, set realistic goals, and understand the current hiring landscape for returners in IT.',
    'Kick off the program by naming your strengths, reframing the career break, and setting a realistic plan for the next eight weeks.',
    '2026-09-10T18:30:00-04:00',
    '2026-09-10T20:00:00-04:00',
    'Amina Okafor',
    'Career returnship mentor and former IT program manager focused on helping women re-enter technology roles after a break.',
    'https://program.atea-bttf.org/sessions/returning-to-tech-with-confidence',
    'open',
    'beginner'
  ),
  (
    'session-02-resume-refresh-for-it-roles',
    'resume-refresh-for-it-roles',
    'Resume Refresh for IT Roles',
    'Learn how to structure a resume for today''s IT roles, including ATS-style formatting and stronger bullet writing.',
    'Translate earlier experience into modern IT language and leave with a resume draft targeted to a realistic role family.',
    '2026-09-17T18:30:00-04:00',
    '2026-09-17T20:00:00-04:00',
    'Danielle Brooks',
    'Technical recruiter and resume coach who partners with returners on positioning transferable skills for analyst, QA, and support roles.',
    'https://program.atea-bttf.org/sessions/resume-refresh-for-it-roles',
    'planned',
    'beginner'
  ),
  (
    'session-03-linkedin-and-personal-branding',
    'linkedin-and-personal-branding',
    'LinkedIn and Personal Branding',
    'Refresh your professional story online and present a confident, current profile to recruiters and hiring managers.',
    'Update your digital presence with a stronger headline, a clear summary, and a light-touch visibility plan you can maintain weekly.',
    '2026-09-24T18:30:00-04:00',
    '2026-09-24T20:00:00-04:00',
    'Priya Raman',
    'Brand strategist and LinkedIn trainer who helps mid-career professionals restart their job search with clarity and confidence.',
    'https://program.atea-bttf.org/sessions/linkedin-and-personal-branding',
    'planned',
    'beginner'
  ),
  (
    'session-04-business-analyst-and-product-roles',
    'business-analyst-and-product-roles',
    'Business Analyst and Product Roles',
    'Explore common expectations for analyst and product-adjacent roles, including stakeholder work, documentation, and delivery support.',
    'See how business analysis and product support roles map to transferable strengths such as communication, coordination, and structured problem solving.',
    '2026-10-01T18:30:00-04:00',
    '2026-10-01T20:00:00-04:00',
    'Melissa Chen',
    'Senior business analyst who has coached career returners into BA, product coordinator, and operations roles.',
    'https://program.atea-bttf.org/sessions/business-analyst-and-product-roles',
    'planned',
    'beginner'
  ),
  (
    'session-05-qa-and-testing-careers',
    'qa-and-testing-careers',
    'QA and Testing Careers',
    'Understand manual QA, test case design, bug reporting, and how testing roles can be a strong re-entry path into IT.',
    'Practice the language of quality assurance and learn how structured testing work can provide a credible, lower-barrier path back into tech.',
    '2026-10-08T18:30:00-04:00',
    '2026-10-08T20:00:00-04:00',
    'Renee Foster',
    'QA lead and test manager with experience mentoring first-time testers and professionals returning to software delivery teams.',
    'https://program.atea-bttf.org/sessions/qa-and-testing-careers',
    'planned',
    'beginner'
  ),
  (
    'session-06-data-reporting-and-power-bi',
    'data-reporting-and-power-bi',
    'Data, Reporting, and Power BI',
    'Learn the basics of reporting roles, dashboards, metrics, and how data storytelling appears in modern job descriptions.',
    'Demystify reporting careers by walking through KPIs, dashboard language, and small skill-building steps that make data roles feel approachable.',
    '2026-10-15T18:30:00-04:00',
    '2026-10-15T20:00:00-04:00',
    'Tasha Williams',
    'Analytics manager and Power BI practitioner focused on helping nontraditional candidates break into reporting and operations analytics work.',
    'https://program.atea-bttf.org/sessions/data-reporting-and-power-bi',
    'planned',
    'beginner'
  ),
  (
    'session-07-cloud-and-devops-fundamentals',
    'cloud-and-devops-fundamentals',
    'Cloud and DevOps Fundamentals',
    'Get comfortable with common cloud and deployment terms that appear in many current IT job postings.',
    'Build confidence with cloud vocabulary, release pipelines, and realistic ways to show beginner exposure without overselling experience.',
    '2026-10-22T18:30:00-04:00',
    '2026-10-22T20:00:00-04:00',
    'Jordan Lee',
    'Cloud engineer and DevOps educator who designs beginner-friendly learning plans for early-career and returning professionals.',
    'https://program.atea-bttf.org/sessions/cloud-and-devops-fundamentals',
    'planned',
    'beginner'
  ),
  (
    'session-08-interview-preparation-and-next-steps',
    'interview-preparation-and-next-steps',
    'Interview Preparation and Next Steps',
    'Practice clearer interview answers, build confidence, and leave with a concrete plan for the next 30 days.',
    'Close the series with mock interview practice, stronger storytelling, and a personal action plan for applications, networking, and follow-up learning.',
    '2026-10-29T18:30:00-04:00',
    '2026-10-29T20:00:00-04:00',
    'Amina Okafor',
    'Career returnship mentor and former IT program manager focused on helping women re-enter technology roles after a break.',
    'https://program.atea-bttf.org/sessions/interview-preparation-and-next-steps',
    'planned',
    'beginner'
  );

INSERT OR IGNORE INTO session_agenda_items (id, session_id, sort_order, title, details)
VALUES
  ('agenda-01-01', 'session-01-returning-to-tech-with-confidence', 1, 'Welcome and participant introductions', 'Set expectations, share goals, and create a supportive cohort dynamic for the eight-session journey.'),
  ('agenda-01-02', 'session-01-returning-to-tech-with-confidence', 2, 'Common return-to-work barriers in tech', 'Discuss confidence gaps, changing tools, and how to reframe the career break in a strengths-based way.'),
  ('agenda-01-03', 'session-01-returning-to-tech-with-confidence', 3, 'Goal-setting for the 8-session journey', 'Choose one target role and define simple weekly actions that can be sustained alongside existing commitments.'),
  ('agenda-02-01', 'session-02-resume-refresh-for-it-roles', 1, 'Resume layout and ATS-style basics', 'Review formatting choices that improve readability for recruiters and applicant tracking systems.'),
  ('agenda-02-02', 'session-02-resume-refresh-for-it-roles', 2, 'Writing impact-focused experience bullets', 'Convert past responsibilities into stronger accomplishment statements with clear actions and outcomes.'),
  ('agenda-02-03', 'session-02-resume-refresh-for-it-roles', 3, 'Tailoring resumes for target job roles', 'Align summary, keywords, and selected achievements with the role family chosen in session one.'),
  ('agenda-03-01', 'session-03-linkedin-and-personal-branding', 1, 'LinkedIn headline and summary refresh', 'Draft a modern profile headline and About section that connect prior experience with current goals.'),
  ('agenda-03-02', 'session-03-linkedin-and-personal-branding', 2, 'Showing career breaks with clarity and confidence', 'Use honest, concise language that explains the break without diminishing professional value.'),
  ('agenda-03-03', 'session-03-linkedin-and-personal-branding', 3, 'Building visibility with small weekly actions', 'Create a low-pressure networking routine built around profile updates, comments, and reconnecting with warm contacts.'),
  ('agenda-04-01', 'session-04-business-analyst-and-product-roles', 1, 'What BAs and product coordinators do day to day', 'Map meetings, backlog support, requirements gathering, and follow-up communication to common job descriptions.'),
  ('agenda-04-02', 'session-04-business-analyst-and-product-roles', 2, 'Common tools, terms, and deliverables', 'Review user stories, acceptance criteria, process maps, and stakeholder notes in plain language.'),
  ('agenda-04-03', 'session-04-business-analyst-and-product-roles', 3, 'How to position transferable experience', 'Identify examples from prior work that show facilitation, analysis, documentation, and delivery support.'),
  ('agenda-05-01', 'session-05-qa-and-testing-careers', 1, 'Core QA responsibilities and workflows', 'Walk through manual test execution, defect tracking, regression cycles, and collaboration with developers.'),
  ('agenda-05-02', 'session-05-qa-and-testing-careers', 2, 'Writing test cases and reporting defects', 'Practice clear, reproducible bug reports and simple test cases that demonstrate structured thinking.'),
  ('agenda-05-03', 'session-05-qa-and-testing-careers', 3, 'Translating attention to detail into resume language', 'Show how process discipline and quality checks from prior roles transfer into QA positioning.'),
  ('agenda-06-01', 'session-06-data-reporting-and-power-bi', 1, 'Common data and reporting responsibilities', 'Outline recurring reporting tasks, stakeholder requests, metric definitions, and dashboard maintenance.'),
  ('agenda-06-02', 'session-06-data-reporting-and-power-bi', 2, 'Intro to dashboards, KPIs, and Power BI language', 'Explain common reporting vocabulary so job postings feel more approachable and less technical.'),
  ('agenda-06-03', 'session-06-data-reporting-and-power-bi', 3, 'First steps to bridge reporting skill gaps', 'Recommend realistic starter projects and learning habits that support a reporting-focused job search.'),
  ('agenda-07-01', 'session-07-cloud-and-devops-fundamentals', 1, 'Cloud platforms and core concepts', 'Cover environments, storage, compute, and identity in beginner-friendly language tied to everyday IT work.'),
  ('agenda-07-02', 'session-07-cloud-and-devops-fundamentals', 2, 'CI/CD, environments, and release basics', 'Demystify pipelines, deployments, testing environments, and why these terms appear across many roles.'),
  ('agenda-07-03', 'session-07-cloud-and-devops-fundamentals', 3, 'How to show beginner exposure credibly', 'Discuss labs, coursework, and supporting examples that show curiosity without overstating expertise.'),
  ('agenda-08-01', 'session-08-interview-preparation-and-next-steps', 1, 'Common return-to-work interview questions', 'Practice responses to questions about career breaks, readiness, and motivations for returning now.'),
  ('agenda-08-02', 'session-08-interview-preparation-and-next-steps', 2, 'Structuring answers with confidence', 'Use simple storytelling frameworks to give concise, evidence-based answers in interviews.'),
  ('agenda-08-03', 'session-08-interview-preparation-and-next-steps', 3, 'Personal next-step plan after the program', 'Leave with a 30-day action plan covering applications, networking, and continued skill-building.');

INSERT OR IGNORE INTO session_resources (id, session_id, label, url, resource_type)
VALUES
  ('resource-01-01', 'session-01-returning-to-tech-with-confidence', 'Confidence reset worksheet', 'https://program.atea-bttf.org/resources/confidence-reset-worksheet', 'worksheet'),
  ('resource-01-02', 'session-01-returning-to-tech-with-confidence', 'Hiring landscape snapshot', 'https://program.atea-bttf.org/resources/hiring-landscape-snapshot', 'guide'),
  ('resource-02-01', 'session-02-resume-refresh-for-it-roles', 'ATS resume template', 'https://program.atea-bttf.org/resources/ats-resume-template', 'template'),
  ('resource-02-02', 'session-02-resume-refresh-for-it-roles', 'Impact bullet workbook', 'https://program.atea-bttf.org/resources/impact-bullet-workbook', 'worksheet'),
  ('resource-03-01', 'session-03-linkedin-and-personal-branding', 'LinkedIn headline examples', 'https://program.atea-bttf.org/resources/linkedin-headline-examples', 'guide'),
  ('resource-03-02', 'session-03-linkedin-and-personal-branding', 'Networking action tracker', 'https://program.atea-bttf.org/resources/networking-action-tracker', 'worksheet'),
  ('resource-04-01', 'session-04-business-analyst-and-product-roles', 'BA terminology cheat sheet', 'https://program.atea-bttf.org/resources/ba-terminology-cheat-sheet', 'guide'),
  ('resource-04-02', 'session-04-business-analyst-and-product-roles', 'Sample user story pack', 'https://program.atea-bttf.org/resources/sample-user-story-pack', 'template'),
  ('resource-05-01', 'session-05-qa-and-testing-careers', 'Bug report template', 'https://program.atea-bttf.org/resources/bug-report-template', 'template'),
  ('resource-05-02', 'session-05-qa-and-testing-careers', 'Manual test case examples', 'https://program.atea-bttf.org/resources/manual-test-case-examples', 'guide'),
  ('resource-06-01', 'session-06-data-reporting-and-power-bi', 'KPI glossary', 'https://program.atea-bttf.org/resources/kpi-glossary', 'guide'),
  ('resource-06-02', 'session-06-data-reporting-and-power-bi', 'Starter dashboard brief', 'https://program.atea-bttf.org/resources/starter-dashboard-brief', 'worksheet'),
  ('resource-07-01', 'session-07-cloud-and-devops-fundamentals', 'Cloud basics study map', 'https://program.atea-bttf.org/resources/cloud-basics-study-map', 'guide'),
  ('resource-07-02', 'session-07-cloud-and-devops-fundamentals', 'Release pipeline glossary', 'https://program.atea-bttf.org/resources/release-pipeline-glossary', 'guide'),
  ('resource-08-01', 'session-08-interview-preparation-and-next-steps', 'Interview story bank template', 'https://program.atea-bttf.org/resources/interview-story-bank-template', 'template'),
  ('resource-08-02', 'session-08-interview-preparation-and-next-steps', '30-day job search plan', 'https://program.atea-bttf.org/resources/30-day-job-search-plan', 'worksheet');
